<?xml version="1.0" encoding="utf-8"?>
<manifest android:versionCode="1" android:versionName="1.0" package="com.android.test"
  xmlns:android="http://schemas.android.com/apk/res/android">
    <uses-permission android:name="android.permission.INTERNET" />
    <application android:theme="@style/AppTheme" android:label="@string/app_name" android:icon="@drawable/ic_launcher" android:allowBackup="false">
        <activity android:label="@string/app_name" android:name="com.android.test.MainActivity">
            <intent-filter>
                <action android:name="android.intent.action.MAIN" />
                <category android:name="android.intent.category.LAUNCHER" />
            </intent-filter>
        </activity>
    </application>
</manifest>